,Title,ID,,,,,pancham veda 01 ishatmananda
1,1. Panchama Veda : The Gospel of Sri Ramakrishna,XhKdu1_m-k4&t,,,,,
2,2. Panchama Veda: The Gospel of Sri Ramakrishna,wyCYJMk4uWo&list=PLOEjrfhKOlHluaG8U4dhX6FREjS2qtoC6&index=11,,,,,
3,,,,,,,
4,,,,,,,
5,,,,,,,
6,,,,,,,
7,,,,,,,
8,,,,,,,
9,,,,,,,
10,,,,,,,
11,,,,,,,
12,,,,,,,
13,,,,,,,
14,,,,,,,
15,,,,,,,
16,16. Panchama Veda 16: The Gospel of Sri Ramakrishna,dHO9wgKmFIM,,,,,
17,,,,,,,
18,,,,,,,
19,,,,,,,
20,,,,,,,
21,,,,,,,
22,,,,,,,
23,,,,,,,
24,24. Panchama Veda 24: The Gospel of Sri Ramakrishna,ahPLpqJAY0A,,,,,
25,,,,,,,
26,,,,,,,
27,,,,,,,
28,,,,,,,
29,29. Panchama Veda 29: The Gospel of Sri Ramakrishna,Q15Bk8GM_Ss,,,,,
30,,,,,,,
31,31. Panchama Veda 31: The Gospel of Sri Ramakrishna,uQqsmkNcA9Y,,,,,
32,32. Panchama Veda 32: The Gospel of Sri Ramakrishna,R38eKo2-wS4,,,,,
33,,,,,,,
34,,,,,,,
35,,,,,,,
36,,,,,,,
37,,,,,,,
38,,,,,,,
39,39. Panchama Veda 39:Gospel of Sri Ramakrishna,mWzJtDaI7QY,,,,,
40,,,,,,,
41,,,,,,,
42,42. Panchama Veda: Gospel of Sri Ramakrishna,ilj4ixH2aM8&list=PLOEjrfhKOlHluaG8U4dhX6FREjS2qtoC6&index=12,,,,,
43,,,,,,,
44,,,,,,,
45,,,,,,,
46,,,,,,,
47,,,,,,,
48,,,,,,,
49,,,,,,,
50,,,,,,,
51,,,,,,,
52,,,,,,,
53,,,,,,,
54,,,,,,,
55,,,,,,,
56,,,,,,,
57,57. Panchama Veda 57: Gospel of Sri Ramakrishna,_GW21OKmSBM,,,,,
58,58. Panchama Veda 58: Gospel of Sri Ramakrishna,PZD0zdN4UIY,,,,,
59,59. Panchama Veda 59:Gospel of Sri Ramakrishna,3nHV2LcWS7E,,,,,
60,60. Panchama Veda : Gospel of Sri Ramakrishna,yogciWykz14,,,,,
61,,,,,,,
62,,,,,,,
63,63. Panchama Veda 63: Gospel of Sri Ramakrishna,EOp6Bthd67M,,,,,
64,,,,,,,
65,,,,,,,
66,66. Panchama Veda 66: The Gospel of Sri Ramakrishna,pfs-Q6xqSyE,,,,,
67,,,,,,,
68,,,,,,,
69,69. Panchama Veda 69: The Gospel of Sri Ramakrishna,cOnGKTxGGFM,,,,,
70,,,,,,,
71,,,,,,,
72,,,,,,,
73,,,,,,,
74,,,,,,,
75,,,,,,,
76,,,,,,,
77,,,,,,,
78,,,,,,,
79,,,,,,,
80,80. Panchama Veda 80: Gospel of Sri Ramakrishna,0j96AZX2j5I,,,,,
81,,,,,,,
82,,,,,,,
83,,,,,,,
84,,,,,,,
85,,,,,,,
86,86. Panchama Veda 86 : Gospel Of Sri Ramakrishna,VnpKdAk6EVE,,,,,
87,,,,,,,
88,88. Panchama Veda 88 : The Gospel Of Sri Ramakrishna,02LktqOPcOM,,,,,
89,,,,,,,
90,90. Panchama Veda 90 : Gospel Of Sri Ramakrishna,2-FHxQ32ygI,,,,,
91,,,,,,,
92,,,,,,,
93,93. Panchama Veda 93 : Gospel Of Sri Ramakrishna,GbTFabUirNw,,,,,
94,94. Panchama Veda 94 : Gospel Of Sri Ramakrishna,UKWsZDCp3i8,,,,,
95,95. Panchama Veda 95 :Gospel Of Sri Ramakrishna,do_Tg--Nuyk,,,,,
96,,,,,,,
97,97. Panchama Veda 97: Gospel Of Sri Ramakrishna,SrxtbvWQljY,,,,,
98,98. Panchama Veda 98: Gospel Of Sri Ramakrishna,UBIb779z1ic,,,,,
99,,,,,,,
100,100. Panchama Veda 100: Gospel Of Sri Ramakrishna,__5MdQB9An8,,,,,
101,101. Panchama Veda 101:Gospel Of Sri Ramakrishna,CpkvJSK9PNE,,,,,
102,,,,,,,
103,,,,,,,
104,,,,,,,
105,105. Panchama Veda 105: Gospel Of Sri Ramakrishna,FXqV6lhMGzg,,,,,
106,106. Panchama Veda 106:Gospel Of Sri Ramakrishna,sXQdUVV0u0U,,,,,
107,107. Panchama Veda 107: Gospel Of Sri Ramakrishna,QW4dGHTZZns,,,,,
108,,,,,,,
109,,,,,,,
110,,,,,,,
111,,,,,,,
112,,,,,,,
113,,,,,,,
114,,,,,,,
115,,,,,,,
116,,,,,,,
117,,,,,,,
118,,,,,,,
119,,,,,,,
120,120. Panchama Veda 120 : Gospel of Sri Ramakrishna,qg8dy5toykc,,,,,
121,121. Panchama Veda 121 : Gospel of Sri Ramakrishna,IAW-QhwERW8,,,,,
122,,,,,,,
123,,,,,,,
124,,,,,,,
125,,,,,,,
126,,,,,,,
127,127. Panchama Veda 127: Gospel of Sri Ramakrishna,k37WxRxDFCk,,,,,
128,128. Panchama Veda - The Gospel of Sri Ramakrishna,zB_lfH1FQWc,,,,,
129,,,,,,,
130,,,,,,,
131,,,,,,,
132,,,,,,,
133,133. Panchama Veda 133- The Gospel of Sri Ramakrishna,6ce0vOhqB30,,,,,
134,,,,,,,
135,135. Panchama Veda 135- The Gospel of Sri Ramakrishna,mW5si3WKrZY,,,,,
136,,,,,,,
137,,,,,,,
138,138. Panchama Veda 138- The Gospel of Sri Ramakrishna,RkOiLhqGETI,,,,,
139,139. Panchama Veda 139- The Gospel of Sri Ramakrishna,xd78EaRPGd8,,,,,
140,140. Panchama Veda 140- The Gospel of Sri Ramakrishna,kmT68iqbf-g,,,,,
141,,,,,,,
142,,,,,,,
143,,,,,,,
144,,,,,,,
145,145. Panchama Veda 145- The Gospel of Sri RamaKrishna,VdqMC_UsVto,,,,,
146,,,,,,,
147,147. Panchama Veda 147- The Gospel of Sri RamaKrishna,3lAwSn6ruGE,,,,,
148,,,,,,,
149,,,,,,,
150,,,,,,,
151,,,,,,,
152,,,,,,,
153,,,,,,,
154,,,,,,,
155,,,,,,,
156,,,,,,,
157,,,,,,,
158,,,,,,,
159,,,,,,,
160,,,,,,,
161,,,,,,,
162,,,,,,,
163,,,,,,,
164,,,,,,,
165,,,,,,,
166,,,,,,,
167,,,,,,,
168,,,,,,,
169,,,,,,,
170,170. Panchama Veda 170 - The Gospel of Sri Ramakrishna,czwlnPobXvo,,,,,
171,,,,,,,
172,,,,,,,
173,173. Panchama Veda 173 - The Gospel of Sri Ramakrishna,udaSiWSnik0,,,,,
174,,,,,,,
175,,,,,,,
176,,,,,,,
177,,,,,,,
178,,,,,,,
179,,,,,,,
180,,,,,,,
181,181. Panchama Veda 181 - The Gospel of Sri Ramakrishna,b-jq9zzXFkQ,,,,,
182,,,,,,,
183,,,,,,,
184,,,,,,,
185,,,,,,,
186,,,,,,,
187,,,,,,,
188,,,,,,,
189,,,,,,,
190,,,,,,,
191,,,,,,,
192,,,,,,,
193,,,,,,,
194,194. Panchama Veda 194: Gospel Of Sri Ramakrishna: God Alone is Real and All Else is Illusory,9DDBYa4F5TQ,,,,,
195,195. Panchama Veda 195: Gospel Of Sri Ramakrishna: God is Both Inside and Outside,xyu2XU7DfAo,,,,,
196,,,,,,,
197,,,,,,,
198,,,,,,,
199,199. Panchama Veda 199: The Gospel Of Sri Ramakrishna,TQfy_oUAFbU,,,,,
200,,,,,,,
201,,,,,,,
202,202. Panchama Veda 202: The Gospel Of Sri Ramakrishna,2NgQmKT1E3A,,,,,
203,203. Panchama Veda 203: The Gospel Of Sri Ramakrishna,ClFyyZ_2E2U,,,,,
204,204. Panchama Veda 204: The Gospel Of Sri Ramakrishna,-XCgW1qfrAc,,,,,
205,205. Panchama Veda 205: The Gospel Of Sri Ramakrishna,zUP5ei17Ou8,,,,,
206,206. Panchama Veda 206: The Gospel Of Sri Ramakrishna,q-btZE1zqG0,,,,,
207,,,,,,,
208,,,,,,,
209,,,,,,,
210,,,,,,,
211,,,,,,,
212,,,,,,,
213,,,,,,,
214,,,,,,,
215,,,,,,,
216,,,,,,,
217,,,,,,,
218,,,,,,,
219,,,,,,,
220,,,,,,,
221,,,,,,,
222,,,,,,,
223,,,,,,,
224,,,,,,,
225,,,,,,,
226,,,,,,,
227,,,,,,,
228,,,,,,,
229,,,,,,,
230,,,,,,,
231,,,,,,,
232,,,,,,,
233,,,,,,,
234,,,,,,,
235,,,,,,,
236,,,,,,,
237,,,,,,,
238,,,,,,,
239,,,,,,,
240,,,,,,,
241,,,,,,,
242,,,,,,,
243,,,,,,,
244,,,,,,,
245,,,,,,,
246,,,,,,,
247,,,,,,,
248,,,,,,,
249,,,,,,,
250,,,,,,,
251,,,,,,,
252,,,,,,,
253,,,,,,,
254,,,,,,,
255,,,,,,,
256,,,,,,,
257,,,,,,,
258,,,,,,,
259,,,,,,,
260,,,,,,,
261,,,,,,,
262,,,,,,,
263,,,,,,,
264,,,,,,,
265,,,,,,,
266,,,,,,,
267,,,,,,,
268,,,,,,,
269,,,,,,,
270,,,,,,,
271,,,,,,,
272,,,,,,,
273,,,,,,,
274,,,,,,,
275,,,,,,,
276,,,,,,,
277,,,,,,,
278,,,,,,,
279,,,,,,,
280,,,,,,,
281,,,,,,,
282,,,,,,,
283,,,,,,,
284,,,,,,,
285,,,,,,,
286,,,,,,,
287,,,,,,,
288,,,,,,,
289,,,,,,,
290,,,,,,,
291,,,,,,,
292,,,,,,,
293,,,,,,,
294,,,,,,,
295,,,,,,,
296,,,,,,,
297,,,,,,,
298,,,,,,,
299,,,,,,,
300,,,,,,,
301,,,,,,,
302,,,,,,,
303,,,,,,,
304,,,,,,,
305,,,,,,,
306,,,,,,,
307,,,,,,,
308,,,,,,,
309,,,,,,,
310,,,,,,,
311,,,,,,,
312,,,,,,,
313,,,,,,,
314,,,,,,,
315,,,,,,,
316,,,,,,,
317,,,,,,,
318,,,,,,,
319,,,,,,,
320,,,,,,,
321,,,,,,,
322,,,,,,,
323,,,,,,,
324,,,,,,,
325,,,,,,,
326,,,,,,,
327,,,,,,,
328,,,,,,,
329,,,,,,,
330,,,,,,,
331,,,,,,,
332,,,,,,,
333,,,,,,,
334,,,,,,,
335,,,,,,,
336,,,,,,,
337,,,,,,,
338,,,,,,,
339,,,,,,,
340,,,,,,,
341,,,,,,,
342,,,,,,,
343,,,,,,,
344,,,,,,,
345,,,,,,,
346,,,,,,,
347,,,,,,,
348,,,,,,,
349,,,,,,,
350,,,,,,,
351,,,,,,,
352,,,,,,,
353,,,,,,,
354,,,,,,,
355,,,,,,,
356,,,,,,,
357,,,,,,,
358,,,,,,,
359,,,,,,,
360,,,,,,,
361,,,,,,,
362,,,,,,,
363,,,,,,,
364,,,,,,,
365,,,,,,,
366,,,,,,,
367,,,,,,,
368,,,,,,,
369,,,,,,,
370,,,,,,,
371,,,,,,,
372,,,,,,,
373,,,,,,,
374,,,,,,,
375,,,,,,,
376,,,,,,,
377,,,,,,,
378,,,,,,,
379,,,,,,,
380,,,,,,,
381,,,,,,,
382,,,,,,,
383,,,,,,,
384,,,,,,,
385,,,,,,,
386,,,,,,,
387,,,,,,,
388,,,,,,,
389,,,,,,,
390,390. “Who will receive the grace of God?” - Panchama Veda ,LZ6jJ6pQ4lU&list=PLOEjrfhKOlHluaG8U4dhX6FREjS2qtoC6&index=9,,,,,
391,391. “Let the Ego be your Servant” - Panchama Veda ,JKGu0yK-Jvs&list=PLOEjrfhKOlHluaG8U4dhX6FREjS2qtoC6&index=8,,,,,
392,392. Panchama Veda - “Stages of Sadhana”,wqVeaoLAAms&list=PLOEjrfhKOlHluaG8U4dhX6FREjS2qtoC6&index=7,,,,,
393,393. Panchama Veda - “Be Free From Worries”,PG86S64bhTU&list=PLOEjrfhKOlHluaG8U4dhX6FREjS2qtoC6&index=6,,,,,
394,394. Panchama Veda - “God Surely Listen To Prayers”,5dQVy1_om_E&list=PLOEjrfhKOlHluaG8U4dhX6FREjS2qtoC6&index=5,,,,,
395,"395. Panchama Veda - ""Stages of Sadhana”",GFoSfxt4MSQ&list=PLOEjrfhKOlHluaG8U4dhX6FREjS2qtoC6&index=4,,,,,
396,396. Panchama Veda - “Take Shelter With God And Pray To Him”,kGLQwCF-_0c&list=PLOEjrfhKOlHluaG8U4dhX6FREjS2qtoC6&index=3,,,,,
397,397. Panchama Veda - “Do Incarnations Of God Have Desires?”,R5VaUy_1Muo&list=PLOEjrfhKOlHluaG8U4dhX6FREjS2qtoC6&index=2,,,,,
398,"398. Panchama Veda - “If a man gathers his whole mind on me, he achieves everything.”",IztcOR4o_Qc&list=PLOEjrfhKOlHluaG8U4dhX6FREjS2qtoC6&index=1,,,,,